<?xml version="1.0" encoding="UTF-8"?>
<idea-plugin version="2">
    <change-notes><![CDATA[
        <div xmlns="http://www.w3.org/1999/html">
            <h3>1.4.6.2 - Bug Fix Release</h3>
            <h4>Basic &amp; Enhanced Editions</h4>
            <ul>
                <li>Fix: #164, PyCharm &amp; RubyMine highlight a single space at the end of   the line as Markdown HARD BREAK</li>
                <li>Fix: #167, NoSuchMethodError when typing text</li>
            </ul>
            <h4>Enhanced Edition</h4>
            <ul>
                <li>Fix: #165, Reference Images and Links spit across a line boundary show   as unresolved</li>
                <li>Fix: #166, Image Links embedded in text are not recognized as inline   elements that can be wrapped.</li>
            </ul>
            <h3>1.4.6 - Bug Fix Release</h3>
            <h4>Basic &amp; Enhanced Editions</h4>
            <ul>
                <li>Fix: #163, NullPointerException on new files</li>
            </ul>
            <h3>1.4.5 - Bug Fix &amp; Enhancements Release</h3>
            <h4>Basic &amp; Enhanced Editions</h4>
            <ul>
                <li>Fix: #158, ATX headers do not trim trailing #'s from Header text   element</li>
                <li>Fix: #159, Preview HTML anchor links do not have id's matching those   generated by GitHub or the plugin anchor link completions</li>
                <li>Fix: #162, Allow strong/emphasis markers to be recognized when   surrounded by non-white space characters</li>
                <li>Add: as you type formatting for setext header marker equalization,   matching atx trailing markers, bold/italic doubling</li>
                <li>Add: syntax highlight for markdown hard break, two spaces before at   the end of line that has a continuation.</li>
                <li>Add: Editor  Code Style for headers and auto-format options</li>
            </ul>
            <h4>Enhanced Edition</h4>
            <ul>
                <li>Add: Editor Code Style for Markdown</li>
                <li>Fix: #160, IllegalStateException when opening settings</li>
                <li>Fix: indented Code fence blocks would remove leading indent characters   from code fragment even when these were not blank.</li>
                <li>Add: format as you type for tables</li>
                <li>Add: wrap on typing for text blocks, footnotes, list items,   definitions</li>
            </ul>
            <h3>1.4.4 - Bug Fix Release</h3>
            <h4>Basic &amp; Enhanced Editions</h4>
            <ul>
                <li>Fix: #153, Bug: URL encode</li>
                <li>Fix: settings forms not always disposed</li>
                <li>Fix: #155, NoClassDefFound exception in PhpStorm, probably other   non-Java IDEs on Markdown file move</li>
            </ul>
            <h4>Enhanced Edition</h4>
            <ul>
                <li>Change: References that have reference images referencing them, will   have link address completion defaulting to image files</li>
                <li>Fix: #154, Absolute links to repo files with http:// are not   highlighted as unresolved if they have an error</li>
            </ul>
            <h3>1.4.3 - Bug Fix &amp; Improvements Release</h3>
            <h4>Basic &amp; Enhanced Editions</h4>
            <ul>
                <li>Fix: license fetch dialog message box font too small on Windows with   retina resolution display</li>
                <li>Fix: #149, Out of memory errors possibly caused by parser throwing an   exception during indexing</li>
                <li>Change: vcs roots are now obtained from the IDE and not by scanning   for git configuration in the file system. So if the VCS root is not   defined in the IDE the plugin will not be able to resolve links for   that GitHub repository.</li>
            </ul>
            <h4>Enhanced Edition</h4>
            <ul>
                <li>Fix: #143, In wiki link completions file names that contain <code>#</code> are   truncated with <code>#</code> in the file treated as an anchor ref</li>
                <li>Fix: #144, Annotation for wiki links with <code>#</code> in filename not shown</li>
                <li>Fix: #145, Wiki link refactoring not working for file names containing   <code>#</code></li>
                <li>Fix: #146, File names that contain # do not show link references with   URL encoded link address.</li>
                <li>Add: #147, GitHub issue # completions in plain text and for links. In   text after <code>#</code>, for links after <code>/issues/</code>, the cursor must be after a   valid issues link for the current file's github repository and come   after the last <code>/</code>.
                    <p><strong>NOTE:</strong> For this to work correctly you need to enable "ATX Header Space" option in the parser otherwise a <code>#</code> followed by non-space text is parsed as a header and not a github issue. </p>
                </li>
                <li>Add: link completions now display shortened file path in completion   list. The addressing format is controllable via multiple invocations   of the completion popup. If the link does not start with a protocol   prefix nor a <code>/</code> for repo relative addressing then pressing ctrl+space   will cycle through all possible formats configured in preferences   under Completions, by default: relative addressing, <code>/</code> repo relative,   <code>https://</code> absolute. With <code>file://</code> addressing completions only if the   link starts with <code>file://</code> before pressing ctrl+space or by changing   preferences to include file:// protocol in completion format cycle.</li>
                <li>Add: code folding for multi-line image urls</li>
                <li>Add: collapsed by default config under settings <strong>Editor</strong> &gt;   <strong>General</strong> &gt; <strong>Code Folding</strong>, for:
                    <ul>
                        <li>verbatim blocks</li>
                        <li>code fence blocks</li>
                        <li>multi-line URL images</li>
                        <li>references</li>
                        <li>explicit links</li>
                        <li>explicit image links</li>
                    </ul>
                </li>
                <li>Fix: ANCHORLINKS parser option only affects unmodified HTML text   preview and should not be changed by parser profile changes.</li>
                <li>Fix: unmodified HTML text preview should not generate header tag ids   if ANCHORLINKS parser option is not selected.</li>
                <li>Fix: multi-line url images with <code>http://gravizo?</code>
                    <ul>
                        <li>prefix were adding <code>;</code> after <code>{</code></li>
                        <li>all trailing <code>;</code> are removed, not just one when editing injected   code fragment</li>
                    </ul>
                </li>
                <li>Add: view document on GitHub option when file is under vcs and is not   modified. No checking is done if changes were actually pushed to the   remote branch.</li>
                <li>Change: color attributes that previously contained <code>BOLDITALIC</code> are   now <code>BOLD_ITALIC</code> to match the naming convention of other attributes.</li>
                <li>Change: page relative and repo relative links in preview resolve to   file in current remote branch with fallback to <code>master</code> if current   branch has no remote counterpart. Previously they always resolved to   <code>master</code>.</li>
            </ul>
            <h3>1.4.2 - Bug Fix &amp; Improvements Release</h3>
            <h4>Basic &amp; Enhanced Editions</h4>
            <ul>
                <li>Fix: disable spell checker on reference anchors</li>
                <li>Fix: mitigate pegdown parser timeouts by treating the whole text as   error with preview showing the pegdown exception with some information   on the location where it gave up.</li>
                <li>Fix: #142, reduced max timeout to 1000 ms, and default to 100ms. No   point in longer timeouts, just harder to edit the text to eliminate   the error.</li>
                <li>Fix: removed native thread creation in preview tabs, should be the   last of the leftover old code.</li>
            </ul>
            <h4>Enhanced Edition</h4>
            <ul>
                <li>Fix: #138, reference with title refactoring causes exception due to   single quote use for title instead of double quote</li>
                <li>Add: #139, completions for reference and footnote id will show all   unresolved corresponding referencing ids in the file</li>
                <li>Add: #140, under some conditions unresolved links would not be   highlighted as such</li>
                <li>Change: for image alt text completion remove subdirectories matching:   "image", "images", "img" and "imgs" from parts used to make   suggestions</li>
                <li>Change: for all link text/title suggestions remove subdirectory parts   which match file target GitHub links: blob, raw, wiki from directory   parts before generating suggestion</li>
                <li>Fix: language fragment editor would not be resizeable if more than one   split editor is open with JavaFx preview enabled.</li>
                <li>Change: previous releases did not reset show preview tab when the   license was activated for the first time, resulting in many people   having preview tab shown by default and not noticing it. This version   does a one time reset of this setting. If you really want a preview   tab with split editor then just set it again in preferences to have it   shown. Only affects files opened after the setting is changed. So you   may need to reopen files already opened when you change this setting.</li>
                <li>New: implement file move refactoring for contained links. If the   contained wiki links will no longer reach their targets they are   changed to explicit links.</li>
                <li>Fix: refactoring of links to wiki pages, from files nested below root   directory would leave the physical wiki home directory instead of   changing it to <code>wiki</code> as required to resolve on GitHub.</li>
                <li>Fix: refactoring explicit to wiki link would leave the markdown   extension in the wiki. Extensions are now left only if target is not a   markdown file.</li>
                <li>New: raw/blob preservation across wiki/main repo boundary during file   move. Best attempt is made to preserve raw file access of original   link</li>
                <li>New: intention actions implemented instead of annotation quick fixes.   Same functionality but no unnecessary weak warnings just to have the   quick fix showing and now they can be disabled individually if you   don't need them.</li>
            </ul>
            <h3>1.4.1 - Bug Fix Release</h3>
            <h4>Basic &amp; Enhanced Editions</h4>
            <ul>
                <li>Fix: get rid of the annoying flicker of JavaFx preview when restoring   scroll position after document change.</li>
                <li>Fix: #136, incorrect parsing of reference link and reference image   link with dummy reference: <code>[reference][]</code> and <code>![reference][]</code></li>
                <li>Fix: #133, wiki link create target file quick fix would create a file   without the <code>.md</code> extension.</li>
                <li>Fix: #131, Windows regex exception.</li>
                <li>Fix: on Windows local file URI's were not correctly generated causing   file links in preview not to open files and images not to render.</li>
                <li>Fix: resolving absolute URI on Windows of the form <code>file:/C:....</code>.</li>
                <li>Fix: #130, intermittent exception "parent must be showing" on project   open if JavaFx Preview is not available.</li>
                <li>Fix: in case of intermittent server error during license activation a   balloon notification is shown instead of modal dialog.</li>
            </ul>
            <h4>Enhanced Edition</h4>
            <ul>
                <li>Add: #137, refactoring explicit link and explicit image to implicit   reference will add dummy reference to avoid the next element from   being interpreted as the reference key for the newly inserted element.</li>
                <li>Fix: #134, rename refactoring atx header inserted a line break after   atx marker</li>
                <li>Fix: #135, references to files with image extension now only offer to   convert to raw target URL</li>
                <li>Add: annotation for references if reference to image is to blob/   instead of raw/ target URL</li>
                <li>Add: annotation for reference image links if reference to image is to   blob/ instead of raw/ target URL and offer quick fix to retarget   reference</li>
            </ul>
            <h3>1.4.0 - Feature Release</h3>
            <h4>Basic &amp; Enhanced Editions</h4>
            <ul>
                <li>Add: no syntax highlighting option to improve typing response,   temporary measure until syntax highlighting is moved to external   annotator.</li>
                <li>Change: document settings moved to non-shared local settings.</li>
                <li>Change: plugin default color schemes changed, inheritance added to   default language colors for many elements</li>
                <li>Fix: wiki links would be Creole regardless of parser settings in   preferences</li>
                <li>Fix: wiki links with reversed text/address would not show annotation   nor quick fix</li>
                <li>Fix: wiki link with only anchor would not show quickfix</li>
                <li>Fix: default settings were not being applied when plugin was first   installed.</li>
                <li>Fix: if pegdown timeout was set to 0 parser would throw timeout   exception on all parses.</li>
                <li>Add: separate color attributes for Table, Table Header, Table Header   Cell (even/odd)</li>
                <li>Change: default color inheritance added to syntax color definitions.</li>
            </ul>
            <h4>Enhanced Edition</h4>
            <ul>
                <li>Add: language injection functionality to verbatim blocks, fenced code   and html blocks</li>
                <li>Add: injected language seamless fragment editing with complex prefix   and indentation on original element</li>
                <li>Add: code fence language completion</li>
                <li>Add: references, reference links and reference image links, with   validation, find usages, refactoring, completions and quick fixes.</li>
                <li>Add: anchor reference validation, completion, find usages and   refactoring.</li>
                <li>Add: references with reference links and reference images, with   annotations, unused reference highlighting and code completion</li>
                <li>Add: fenced code marker matching</li>
                <li>Add: code folding for fenced code and link addresses</li>
                <li>Add: Experimental split editor with preview for HTML documents.   Intended to preview html code fragments embedded into a markdown   document.</li>
                <li>Add: preview link for local only files now has anchor reference if one   is provided. Clicking on the link will take you to the header whose   reference matches the anchor reference.</li>
                <li>Add: Header's reference id validation, refactoring, find usages and   quick fixes for switch setext/atx format, equalize setext marker</li>
                <li>Fix: URI format links would leave out the anchor reference in preview</li>
                <li>Add: intention actions for switching explicit and reference links.</li>
                <li>Add: footnote and footnote reference refactoring, navigation,   completions and find usages.</li>
                <li>Add: multi-line url images so gravizo.com can be used for UML   diagrams.</li>
                <li>Add: language injections to multi-line image url content for   comfortable editing of url content part.</li>
                <li>Change: link completions improved for extensions: any extension text   given will match files whose extension starts with the given fragment:   ie. .j will match .js, .java etc.</li>
                <li>Change: link completions improved for subdirectories: any path   segments given will need to be found in the path of the file: sub/   will find files that are in a directory that contains "sub" in its   name; sub/abc/ will match files contained under directory that has   "sub" in its name, followed by a subdirectory that has "abc" in its   name. File name for completions is ignored.</li>
                <li>Add: folding of https:// and file:// link addresses to their repo   relative or page relative formats, whichever is shorter.</li>
            </ul>
            <h3>1.3.2 - Bug Fix and Stability Release</h3>
            <h4>Basic &amp; Enhanced Editions</h4>
            <ul>
                <li>Change: defaults on initial installation for zoom factor to HiDPI   support and dynamic page width to true</li>
                <li>Fix: vcsRoots were not searched above project directory. Now will be   searched to root directory</li>
                <li>Fix: wiki links would be Creole regardless of parser settings in   preferences</li>
                <li>Fix: wiki links with reversed text/address would not show annotation   nor quick fix</li>
            </ul>
            <h4>Enhanced Edition</h4>
            <ul>
                <li>Fix: repository relative / links would show page relative completions</li>
                <li>Add: annotation for links using repository relative addressing across   repository boundaries</li>
            </ul>
            <h3>1.3.1 - Bug Fix and Stability Release</h3>
            <h4>Basic &amp; Enhanced Editions</h4>
            <ul>
                <li>Add: dynamic page width setting to stylesheet preferences</li>
                <li>Add: zoom factor effect in swing browser, only affects font size and   max image width but not image scale</li>
                <li>Fix: exception on startup if Java security does not allow creating   files directly in the temp directory</li>
                <li>Fix: absolute paths from main repository would not resolve, also main   path included /blob/master in completions</li>
                <li>Fix: sub-module vcs roots would not be found for some config formats</li>
                <li>Fix: font size in preference settings on systems with HiDPI</li>
                <li>Fix: self referencing links would generate absolute https:// address   instead of plain # reference</li>
                <li>Fix: default zoom factor on installation reflects systems that need   multiplier for HiDPI</li>
                <li>Change: split layout and color scheme for swing stylesheets.   default.css and darcula.css contain only color definitions for swing   browser, layout.css contains the rest.</li>
            </ul>
            <h4>Enhanced Edition</h4>
            <ul>
                <li>Add: github links can now be completed using URL, absolute and   relative addressing</li>
                <li>Add: offer to change links to shorter form if one is available</li>
                <li>Add: action to toggle between: editor only and editor &amp; preview spit</li>
                <li>Fix: custom CSS text was not wrapped in <code>&lt;style&gt;&lt;/style</code> tags</li>
                <li>Fix: html preferences text fields were configured for CSS syntax   instead of HTML</li>
                <li>Fix: preferences text boxes disappearing when enabled/disabled on IDEA   16 EAP</li>
                <li>Fix: JavaFX html generator was not adding body bottom custom html text</li>
                <li>Fix: absolute links would show resolved but line markers were missing   and images did not display</li>
                <li>Fix: extension errors now offer to target link to an existing file   with the same name and different extension</li>
                <li>Fix: images would not display in preview for some resolved link   address formats</li>
            </ul>
            <h3>1.3.0 - New Features Release</h3>
            <h4>Basic &amp; Enhanced Editions</h4>
            <ul>
                <li>ISSUE: with JetBrains Bundled JRE svg images will not be rendered due   to a bug that causes a crash in WebView if they are not disabled.</li>
                <li>Fix: relative links and wiki links to open file in IDE when clicking   on a link, was not opening files</li>
                <li>Fix: use BrowserUtil for launching URL in browser instead of Java   Desktop</li>
                <li>Fix: line markers with empty elements would show the completion file   list as targets.</li>
                <li>Add: <code>upsource://</code> external link mapping to   <a href="https://upsource.jetbrains.com/idea-ce/file/HEAD/">https://upsource.jetbrains.com/idea-ce/file/HEAD/</a> as prefix and the   rest whatever comes after <code>upsource://</code> url encoded.</li>
                <li>Change: support for HTML Text display is now an enhanced edition   feature.</li>
                <li>Change: layout of options file, same file names but different content,   migrated on startup</li>
            </ul>
            <h4>Enhanced Edition</h4>
            <ul>
                <li>Add: Split Editor with Preview, HTML Text as rendered and plain HTML   Text as serialized by pegdown.</li>
                <li>Add: New Preferences UI and implementation, preferences now under   Languages and Frameworks</li>
                <li>Add: Support for <strong>Open JavaFX</strong> with <strong>JetBrains</strong> bundled JRE for   Mac OS X</li>
                <li>Add: Keyboard shortcuts to switch split layout (ctrl p/Mac p) and   preview/HTML Text modes (ctrl shift p/Mac shift p)</li>
                <li>Add: <a href="https://raw.githubusercontent.com/">https://raw.githubusercontent.com/</a> mapping to project files</li>
                <li>Add: resolve <code>upsource://</code> URLs to upsource server, no validation is   done on the link</li>
                <li>Add: intention actions to convert link formats between: relative   /absolute, https:// absolute and file:// absolute</li>
                <li>Add: Lobo Evolution browser option, currently experimental and is not   fully supported with its own stylesheets and scripts</li>
                <li>Add: Table of Contents markdown extension <code>[TOC]</code> with optional level   specification <code>[TOC level=n</code> where n is the maximum header level to   include in the table of contents</li>
                <li>Fix: <a href="https://github.com/user/repository/raw/..">https://github.com/user/repository/raw/..</a>. would produce   <a href="https://github.com/user/repository/blob/..">https://github.com/user/repository/blob/..</a>. urls in HTML Preview and   HTML Text tabs</li>
                <li>Fix: absolute URL's to raw files would convert to blob/ access   relative links</li>
                <li>Fix: relative links to raw files would convert to blob/ access   absolute URL's</li>
                <li>Fix: was offering to change explicit link to wiki link to files not in   the wiki.</li>
                <li>Fix: absolute links that are outside of the remote repo URL no longer   show unresolved</li>
                <li>Fix: relative links in subdirectory files were not resolved</li>
                <li>Fix: absolute links in non-URI format were not resolved</li>
                <li>Fix: license expired notifications when receiving intermittent error   from server</li>
            </ul>
            <h3>1.2.3 - Bug Fixes and Enhancements</h3>
            <h4>Basic &amp; Enhanced Editions</h4>
            <ul>
                <li>Change: default JavaFX preview font order to have Helvetica before   Arial, cleaner text rendering.</li>
                <li>Fix #73: self referencing links with 'Show Modified' not selected do   not generate correct HTML.</li>
                <li>Change: update JavaFX preview to new GitHub style, wider pages.</li>
                <li>Add: inspections when wiki pages are linked with file extension, they   will display raw text not rendered HTML</li>
                <li>Fix: anchor links markdown extension was always enabled when 'Use Old   Preview' was selected, regardless of preferences settings</li>
                <li>Add: fork and raw GitHub link to be recognized</li>
                <li>Add: line icon to show multiple resolved targets</li>
                <li>Change: preferences for the plugin are now split between local,   non-roaming persistence in multimarkdown.local.xml and shared roaming   persistence in multimarkdown.shared.xml. Preferences from   multimarkdown.xml are migrated to new files and the file is deleted.</li>
            </ul>
            <h4>Enhanced Edition</h4>
            <ul>
                <li>Change: new implementation of file link resolving logic handles a full   set of GitHub idiosyncrasies for relative links, raw/blob access,   absolute https:// links, file extensions and case sensitivity.</li>
                <li>Add: new annotation inspections for common errors in link resolution</li>
                <li>New: modified HTML now has all links as URI's during rendering with   preference to GitHub repository file when available, fallback to local   file://</li>
                <li>Fix: added validation for invalid PsiElements during refactoring to   prevent exceptions</li>
                <li>Fix: all link refactoring for file move/rename adjusts affected link   according to GitHub rules</li>
                <li>Add: warning annotation in text editor, link color and image border in   preview when a link target is not on GitHub according to its status</li>
                <li>Add: intention to change relative to absolute link addresses and   vice-versa</li>
                <li>Add: validation of absolute links that look like they are targeting   files in the same repository as the containing file</li>
                <li>Add: navigation line items for absolute links that resolve to files</li>
                <li>Add: absolute address link completions and link completions based on   extensions other than markdown for wiki and explicit and images for   image links, just add file:// or https:// in front to get url   completions and an extension without a file name to get extension   based completions. <code>https://.java</code> will show java files with https://   absolute link address.</li>
                <li>Fix #71: license information is now saved in multimarkdown.local.xml   and is marked as non-roaming</li>
                <li>Add: handle relative image links in wiki pages must resolve to raw   file access in main repository default behavior and validation</li>
                <li>Add: automatically change wiki link to explicit link if target file is   moved out of wiki link access range</li>
                <li>Add: refactoring now keeps link format as it was before, if it was   absolute or page relative.</li>
            </ul>
            <h3>1.2.2 - Bug Fixes and Enhancements</h3>
            <h4>Basic &amp; Enhanced Editions</h4>
            <ul>
                <li>Add a change to quick fix on an unresolved link will apply the same   change to all links that match the link being modified.</li>
                <li>Add annotation if wiki link ends in .md, with quick fix to remove .md   extension</li>
                <li>Fix #60: use another class for string to input stream conversion that   is universally support across os types.</li>
                <li>Fix #62: Plugin exhausted thread resources if a lot of projects were   open</li>
                <li>Fix #63: Unresolved links were not always highlighted as error</li>
                <li>Fix #65: threading issues causing slow preview update and other   intermittent errors.</li>
                <li>Fix #67: change message for not finding javafx from warning to info.</li>
                <li>Fix #70: closed to to task list items with capital x <code>- [X]</code> would not   render correctly in the WevView preview.</li>
                <li>Fix link resolution did not work if non-default Markdown extension was   used on Wiki pages</li>
                <li>Fix link resolution in preview to match the rules for markdown source</li>
                <li>Fix wiki link with multiple matched targets would not resolve   according to sort order</li>
                <li>Fix wiki link with multiple matched targets would show quick fix to   rename unreachable targets</li>
                <li>Fix wiki links with subdirectory references did not show annotation   popup or quick fix to remove directory</li>
                <li>Fix buy license button in settings navigated to the get trial license   page instead of the full license page.</li>
            </ul>
            <h4>Enhanced Edition</h4>
            <ul>
                <li>Add validation for relative links accessing wiki raw content by using   the Wiki page link with extension.</li>
                <li>Add validation of all explicit relative links from the main repository   to wiki files.</li>
                <li>Add warning when a file is a target of a link but is not on GitHub.</li>
                <li>Fix #64: class cast exception in explicit link.</li>
                <li>Fix link errors in source, preview and click actions are now in   agreement</li>
                <li>Fix link resolution was not always consistent with GitHub</li>
                <li>Fix license registration failing in version 133.1711 for lack of   methods in some classes.</li>
                <li>Fix intention to change wiki link to explicit and vice-versa.</li>
            </ul>
        </div>
        ]]></change-notes>

</idea-plugin>
